product_category_name,month,revenue,num_orders
beleza_saude,2016-09,134.97,1
moveis_decoracao,2016-10,5690.52,49
perfumaria,2016-10,4829.099999999999,26
brinquedos,2016-10,4106.5,22
consoles_games,2016-10,3619.36,7
beleza_saude,2016-10,3439.25,36
relogios_presentes,2016-10,2711.07,4
esporte_lazer,2016-10,2012.15,17
bebes,2016-10,1371.17,9
ferramentas_jardim,2016-10,1359.88,5
climatizacao,2016-10,1349.29,4
moveis_escritorio,2016-10,1300.88,6
utilidades_domesticas,2016-10,1287.0700000000002,9
automotivo,2016-10,1128.26,8
cool_stuff,2016-10,1046.1,7
market_place,2016-10,915.2900000000001,5
telefonia_fixa,2016-10,704.88,5
pet_shop,2016-10,689.6800000000001,4
informatica_acessorios,2016-10,669.02,12
cama_mesa_banho,2016-10,478.99,5
fashion_bolsas_e_acessorios,2016-10,373.3,7
industria_comercio_e_negocios,2016-10,359.6,3
telefonia,2016-10,228.29,7
audio,2016-10,156.99,2
fraldas_higiene,2016-10,134.9,1
eletronicos,2016-10,107.99,1
alimentos,2016-10,79.9,1
unknown,2016-10,65.89,2
fashion_roupa_feminina,2016-10,54.9,1
fashion_calcados,2016-10,29.99,1
fashion_roupa_masculina,2016-10,24.9,1
fashion_bolsas_e_acessorios,2016-12,10.9,1
moveis_decoracao,2017-01,13036.630000000001,132
beleza_saude,2017-01,12366.44,79
esporte_lazer,2017-01,9212.14,57
relogios_presentes,2017-01,8086.5199999999995,11
ferramentas_jardim,2017-01,7466.95,36
cool_stuff,2017-01,6856.87,30
perfumaria,2017-01,5112.599999999999,29
automotivo,2017-01,4820.03,27
brinquedos,2017-01,4568.1900000000005,41
consoles_games,2017-01,4514.44,19
bebes,2017-01,4283.88,30
informatica_acessorios,2017-01,3924.14,24
cama_mesa_banho,2017-01,3804.36,43
utilidades_domesticas,2017-01,2827.58,21
pcs,2017-01,2199.99,1
eletrodomesticos_2,2017-01,1916.78,6
fashion_bolsas_e_acessorios,2017-01,1671.97,30
eletroportateis,2017-01,1660.79,6
unknown,2017-01,1603.64,10
papelaria,2017-01,1561.99,7
moveis_sala,2017-01,1241.9,8
moveis_escritorio,2017-01,1158.35,6
pet_shop,2017-01,799.12,12
telefonia,2017-01,755.94,17
telefonia_fixa,2017-01,677.12,19
climatizacao,2017-01,663.7,3
eletronicos,2017-01,617.0,11
malas_acessorios,2017-01,492.5,4
market_place,2017-01,414.14,5
instrumentos_musicais,2017-01,339.74,1
livros_interesse_geral,2017-01,234.89,2
seguros_e_servicos,2017-01,183.29,1
fashion_underwear_e_moda_praia,2017-01,137.25,2
fashion_roupa_masculina,2017-01,126.9,1
moveis_cozinha_area_de_servico_jantar_e_jardim,2017-01,110.0,1
fashion_roupa_feminina,2017-01,77.3,2
moveis_quarto,2017-01,73.2,8
casa_conforto_2,2017-01,72.8,2
agro_industria_e_comercio,2017-01,65.97,2
alimentos,2017-01,42.82,2
fashion_calcados,2017-01,34.9,1
dvds_blu_ray,2017-01,29.8,1
musica,2017-01,19.8,2
beleza_saude,2017-02,22059.920000000002,143
moveis_decoracao,2017-02,19926.41,213
esporte_lazer,2017-02,15629.98,134
cama_mesa_banho,2017-02,15572.130000000001,140
cool_stuff,2017-02,12454.6,68
automotivo,2017-02,12358.78,75
ferramentas_jardim,2017-02,11734.62,60
informatica_acessorios,2017-02,11319.09,92
utilidades_domesticas,2017-02,11295.34,61
relogios_presentes,2017-02,10992.39,32
moveis_escritorio,2017-02,10845.98,52
brinquedos,2017-02,9353.44,61
unknown,2017-02,8521.11,50
perfumaria,2017-02,8040.38,47
eletroportateis,2017-02,7251.58,25
telefonia,2017-02,6693.34,95
consoles_games,2017-02,4294.7699999999995,18
pet_shop,2017-02,3584.87,36
pcs,2017-02,3549.0,1
moveis_sala,2017-02,3409.64,12
bebes,2017-02,2837.58,31
climatizacao,2017-02,2405.3,11
papelaria,2017-02,2341.4,19
instrumentos_musicais,2017-02,2221.28,8
fashion_bolsas_e_acessorios,2017-02,2170.31,32
malas_acessorios,2017-02,1659.19,19
market_place,2017-02,1574.22,17
eletronicos,2017-02,1218.85,14
tablets_impressao_imagem,2017-02,792.0,8
livros_interesse_geral,2017-02,772.71,8
telefonia_fixa,2017-02,759.23,18
eletrodomesticos,2017-02,740.9,7
casa_construcao,2017-02,695.6,3
alimentos,2017-02,676.73,8
construcao_ferramentas_jardim,2017-02,579.98,1
fashion_roupa_masculina,2017-02,545.95,6
moveis_quarto,2017-02,450.0,1
casa_conforto,2017-02,414.66,3
fashion_underwear_e_moda_praia,2017-02,396.96999999999997,6
construcao_ferramentas_seguranca,2017-02,379.0,1
fashion_roupa_feminina,2017-02,363.9,3
construcao_ferramentas_construcao,2017-02,336.79,3
agro_industria_e_comercio,2017-02,224.84,7
audio,2017-02,163.8,5
livros_tecnicos,2017-02,159.0,1
moveis_cozinha_area_de_servico_jantar_e_jardim,2017-02,139.9,2
industria_comercio_e_negocios,2017-02,119.0,1
fashion_calcados,2017-02,107.05,2
cine_foto,2017-02,59.0,1
eletrodomesticos_2,2017-02,15.99,1
dvds_blu_ray,2017-02,14.9,1
informatica_acessorios,2017-03,28078.8,147
beleza_saude,2017-03,25652.45,190
esporte_lazer,2017-03,25472.89,164
cama_mesa_banho,2017-03,25120.02,239
relogios_presentes,2017-03,24892.38,74
ferramentas_jardim,2017-03,23508.76,117
moveis_decoracao,2017-03,22133.47,253
cool_stuff,2017-03,20583.33,116
perfumaria,2017-03,19608.14,103
automotivo,2017-03,13272.93,67
utilidades_domesticas,2017-03,12906.960000000001,170
brinquedos,2017-03,12339.57,99
eletroportateis,2017-03,11171.06,31
moveis_escritorio,2017-03,10793.85,58
consoles_games,2017-03,9834.039999999999,45
pet_shop,2017-03,8240.06,40
telefonia,2017-03,7877.12,153
unknown,2017-03,6370.17,51
malas_acessorios,2017-03,5924.01,35
papelaria,2017-03,5902.62,56
fashion_bolsas_e_acessorios,2017-03,4786.36,60
climatizacao,2017-03,4103.81,16
eletronicos,2017-03,3986.0,32
bebes,2017-03,3592.28,41
moveis_sala,2017-03,3324.0,17
livros_interesse_geral,2017-03,2533.96,19
alimentos,2017-03,2412.66,19
casa_conforto,2017-03,2123.4,12
market_place,2017-03,1808.59,17
instrumentos_musicais,2017-03,1667.33,9
fashion_calcados,2017-03,1515.0,13
telefonia_fixa,2017-03,1333.45,14
audio,2017-03,1134.77,13
casa_construcao,2017-03,591.96,5
fashion_roupa_masculina,2017-03,580.8000000000001,7
eletrodomesticos_2,2017-03,500.9,2
tablets_impressao_imagem,2017-03,495.0,5
bebidas,2017-03,463.87,4
dvds_blu_ray,2017-03,453.7,3
fashion_underwear_e_moda_praia,2017-03,394.14,6
casa_conforto_2,2017-03,342.88,3
eletrodomesticos,2017-03,313.3,9
industria_comercio_e_negocios,2017-03,238.0,2
artes,2017-03,174.6,4
moveis_cozinha_area_de_servico_jantar_e_jardim,2017-03,113.98,3
alimentos_bebidas,2017-03,85.8,4
agro_industria_e_comercio,2017-03,81.99000000000001,2
livros_tecnicos,2017-03,75.0,2
sinalizacao_e_seguranca,2017-03,75.0,1
fashion_esporte,2017-03,39.9,1
construcao_ferramentas_construcao,2017-03,38.9,1
musica,2017-03,27.99,1
fashion_roupa_feminina,2017-03,19.9,1
cama_mesa_banho,2017-04,24092.89,231
relogios_presentes,2017-04,23336.09,88
eletroportateis,2017-04,23114.98,20
esporte_lazer,2017-04,22997.06,184
beleza_saude,2017-04,22156.34,168
cool_stuff,2017-04,20902.39,112
perfumaria,2017-04,19436.51,97
moveis_decoracao,2017-04,19211.23,162
informatica_acessorios,2017-04,18353.46,116
ferramentas_jardim,2017-04,17648.93,93
automotivo,2017-04,15149.32,77
brinquedos,2017-04,13039.43,103
utilidades_domesticas,2017-04,12472.18,134
moveis_escritorio,2017-04,9411.3,48
unknown,2017-04,8245.19,55
telefonia,2017-04,7133.94,138
malas_acessorios,2017-04,7090.3,46
pet_shop,2017-04,6182.89,46
eletronicos,2017-04,4822.24,47
papelaria,2017-04,4551.44,35
market_place,2017-04,4045.2799999999997,19
bebes,2017-04,3930.55,47
instrumentos_musicais,2017-04,3818.43,16
consoles_games,2017-04,3772.88,15
fashion_bolsas_e_acessorios,2017-04,3095.9,44
climatizacao,2017-04,2492.23,13
casa_conforto,2017-04,2411.1,16
moveis_sala,2017-04,2073.34,11
casa_construcao,2017-04,1602.69,5
fashion_calcados,2017-04,1526.5,20
construcao_ferramentas_jardim,2017-04,1490.21,7
dvds_blu_ray,2017-04,1434.9,2
tablets_impressao_imagem,2017-04,1112.88,9
moveis_cozinha_area_de_servico_jantar_e_jardim,2017-04,1033.4,8
audio,2017-04,942.2,9
livros_interesse_geral,2017-04,923.38,12
eletrodomesticos_2,2017-04,799.8,2
construcao_ferramentas_ferramentas,2017-04,729.0,1
moveis_quarto,2017-04,628.98,3
telefonia_fixa,2017-04,505.83,6
eletrodomesticos,2017-04,499.4,9
alimentos,2017-04,491.3,8
fashion_roupa_masculina,2017-04,366.89,5
pc_gamer,2017-04,259.98,2
fashion_esporte,2017-04,189.78,4
sinalizacao_e_seguranca,2017-04,128.06,3
artes,2017-04,119.9,1
cine_foto,2017-04,118.0,2
moveis_colchao_e_estofado,2017-04,109.4,1
fashion_underwear_e_moda_praia,2017-04,92.89,3
livros_tecnicos,2017-04,75.0,1
artigos_de_natal,2017-04,69.0,1
fashion_roupa_feminina,2017-04,64.9,1
musica,2017-04,59.8,2
alimentos_bebidas,2017-04,47.9,2
la_cuisine,2017-04,24.0,1
livros_importados,2017-04,19.99,1
casa_conforto_2,2017-04,12.9,1
beleza_saude,2017-05,46340.06,261
informatica_acessorios,2017-05,44759.39,253
relogios_presentes,2017-05,36619.48,120
esporte_lazer,2017-05,34101.73,256
cama_mesa_banho,2017-05,32684.600000000002,323
cool_stuff,2017-05,32481.6,230
moveis_decoracao,2017-05,22312.54,226
brinquedos,2017-05,22179.25,192
utilidades_domesticas,2017-05,21374.9,259
ferramentas_jardim,2017-05,20372.57,121
perfumaria,2017-05,19982.06,132
automotivo,2017-05,17501.25,99
malas_acessorios,2017-05,12539.62,64
unknown,2017-05,10818.34,82
instrumentos_musicais,2017-05,9639.44,18
bebes,2017-05,8933.72,96
telefonia,2017-05,8844.39,196
moveis_escritorio,2017-05,8403.43,42
pet_shop,2017-05,8151.02,66
fashion_bolsas_e_acessorios,2017-05,7192.0,91
artes,2017-05,6927.25,6
eletronicos,2017-05,6149.11,59
papelaria,2017-05,5600.18,60
eletroportateis,2017-05,5241.44,16
casa_conforto,2017-05,5114.07,32
moveis_sala,2017-05,4479.45,27
consoles_games,2017-05,2507.2,26
market_place,2017-05,2476.98,21
moveis_quarto,2017-05,2369.97,6
audio,2017-05,2081.18,17
eletrodomesticos,2017-05,1912.79,28
livros_interesse_geral,2017-05,1841.57,19
fashion_calcados,2017-05,1669.54,22
casa_construcao,2017-05,1620.5,5
agro_industria_e_comercio,2017-05,1579.94,4
tablets_impressao_imagem,2017-05,1514.98,7
construcao_ferramentas_jardim,2017-05,1447.34,5
eletrodomesticos_2,2017-05,1306.05,7
moveis_cozinha_area_de_servico_jantar_e_jardim,2017-05,1304.48,9
climatizacao,2017-05,914.87,6
construcao_ferramentas_ferramentas,2017-05,803.9,2
fashion_roupa_masculina,2017-05,608.9,3
moveis_colchao_e_estofado,2017-05,595.89,3
industria_comercio_e_negocios,2017-05,519.8,2
sinalizacao_e_seguranca,2017-05,508.85,3
telefonia_fixa,2017-05,445.83000000000004,9
alimentos,2017-05,387.9,3
fashion_roupa_feminina,2017-05,367.5,4
alimentos_bebidas,2017-05,345.49,10
fashion_underwear_e_moda_praia,2017-05,283.5,6
livros_tecnicos,2017-05,262.0,3
la_cuisine,2017-05,193.0,1
pc_gamer,2017-05,129.99,1
fashion_esporte,2017-05,124.84,3
fashion_roupa_infanto_juvenil,2017-05,110.0,1
construcao_ferramentas_construcao,2017-05,99.99,1
bebidas,2017-05,90.0,1
dvds_blu_ray,2017-05,89.6,4
cine_foto,2017-05,59.0,1
artes_e_artesanato,2017-05,21.99,1
cool_stuff,2017-06,38109.61,195
informatica_acessorios,2017-06,36193.7,212
cama_mesa_banho,2017-06,33803.23,324
esporte_lazer,2017-06,32066.93,245
beleza_saude,2017-06,31676.81,233
automotivo,2017-06,29335.71,101
relogios_presentes,2017-06,27337.63,113
perfumaria,2017-06,23954.32,140
utilidades_domesticas,2017-06,22978.21,280
moveis_decoracao,2017-06,16614.29,177
ferramentas_jardim,2017-06,15447.09,98
brinquedos,2017-06,15337.55,150
eletroportateis,2017-06,9698.81,23
malas_acessorios,2017-06,8142.19,59
bebes,2017-06,7864.74,72
moveis_escritorio,2017-06,7279.13,45
fashion_bolsas_e_acessorios,2017-06,6722.13,75
telefonia,2017-06,6561.73,148
consoles_games,2017-06,5309.03,26
pet_shop,2017-06,5123.57,60
instrumentos_musicais,2017-06,4993.05,17
unknown,2017-06,4785.4,48
papelaria,2017-06,3493.57,37
casa_conforto,2017-06,2818.2,17
eletrodomesticos,2017-06,2507.19,42
climatizacao,2017-06,2084.48,9
eletronicos,2017-06,2060.04,39
casa_construcao,2017-06,1992.3,4
livros_interesse_geral,2017-06,1922.18,19
moveis_sala,2017-06,1713.3,12
audio,2017-06,1671.0,11
agro_industria_e_comercio,2017-06,1390.0,1
fashion_calcados,2017-06,1279.3799999999999,16
market_place,2017-06,1258.95,15
eletrodomesticos_2,2017-06,1213.8700000000001,6
musica,2017-06,1066.9,4
telefonia_fixa,2017-06,933.67,12
tablets_impressao_imagem,2017-06,594.0,6
fashion_roupa_masculina,2017-06,519.79,7
fashion_esporte,2017-06,470.5,5
construcao_ferramentas_jardim,2017-06,434.69,3
construcao_ferramentas_construcao,2017-06,376.37,4
moveis_cozinha_area_de_servico_jantar_e_jardim,2017-06,374.8,4
moveis_quarto,2017-06,308.99,2
industria_comercio_e_negocios,2017-06,276.97,2
artes,2017-06,200.3,4
artigos_de_natal,2017-06,184.7,2
fashion_roupa_feminina,2017-06,154.8,3
alimentos,2017-06,149.9,1
livros_tecnicos,2017-06,145.9,2
sinalizacao_e_seguranca,2017-06,134.0,1
pc_gamer,2017-06,129.99,1
dvds_blu_ray,2017-06,126.69,4
fashion_roupa_infanto_juvenil,2017-06,110.0,1
livros_importados,2017-06,99.0,1
cine_foto,2017-06,79.0,1
portateis_casa_forno_e_cafe,2017-06,71.9,1
alimentos_bebidas,2017-06,57.4,2
bebidas,2017-06,49.99,1
casa_conforto_2,2017-06,12.9,1
fashion_underwear_e_moda_praia,2017-06,3.9,1
cama_mesa_banho,2017-07,62786.96,503
informatica_acessorios,2017-07,38176.22,268
cool_stuff,2017-07,36653.46,220
esporte_lazer,2017-07,36618.83,327
beleza_saude,2017-07,34239.45,270
relogios_presentes,2017-07,33702.42,151
moveis_decoracao,2017-07,24028.12,249
brinquedos,2017-07,23956.84,197
utilidades_domesticas,2017-07,20251.53,220
ferramentas_jardim,2017-07,18951.3,153
moveis_escritorio,2017-07,16892.61,97
bebes,2017-07,15461.41,121
automotivo,2017-07,13886.85,103
perfumaria,2017-07,12734.25,115
telefonia,2017-07,9052.87,135
malas_acessorios,2017-07,8311.710000000001,72
instrumentos_musicais,2017-07,7282.59,26
eletronicos,2017-07,7266.04,84
papelaria,2017-07,6906.85,72
pet_shop,2017-07,6575.97,70
consoles_games,2017-07,5411.24,45
fashion_bolsas_e_acessorios,2017-07,5063.21,80
casa_conforto,2017-07,4563.85,36
moveis_sala,2017-07,3826.12,26
eletrodomesticos,2017-07,3671.99,37
eletroportateis,2017-07,3587.23,30
unknown,2017-07,2889.86,50
market_place,2017-07,1573.3799999999999,13
climatizacao,2017-07,1396.1,5
moveis_cozinha_area_de_servico_jantar_e_jardim,2017-07,1316.5,9
livros_interesse_geral,2017-07,1292.4,12
fashion_calcados,2017-07,1283.02,18
agro_industria_e_comercio,2017-07,1180.0,1
moveis_quarto,2017-07,1077.99,4
eletrodomesticos_2,2017-07,1033.99,7
dvds_blu_ray,2017-07,732.8,3
fashion_roupa_masculina,2017-07,719.99,8
audio,2017-07,673.69,6
alimentos,2017-07,584.16,7
construcao_ferramentas_construcao,2017-07,549.4399999999999,5
livros_tecnicos,2017-07,528.0,2
sinalizacao_e_seguranca,2017-07,475.90999999999997,4
la_cuisine,2017-07,469.99,4
artes,2017-07,386.75,3
construcao_ferramentas_iluminacao,2017-07,360.0,1
construcao_ferramentas_jardim,2017-07,347.58000000000004,7
musica,2017-07,329.0,1
fashion_roupa_feminina,2017-07,310.70000000000005,4
fashion_underwear_e_moda_praia,2017-07,274.8,3
bebidas,2017-07,273.97,2
industria_comercio_e_negocios,2017-07,245.95999999999998,2
cds_dvds_musicais,2017-07,225.0,4
telefonia_fixa,2017-07,218.73,8
tablets_impressao_imagem,2017-07,198.0,2
alimentos_bebidas,2017-07,168.2,7
artes_e_artesanato,2017-07,129.9,1
moveis_colchao_e_estofado,2017-07,109.4,1
casa_construcao,2017-07,93.6,1
artigos_de_festas,2017-07,69.9,1
fashion_esporte,2017-07,69.9,1
artigos_de_natal,2017-07,65.09,2
casa_conforto_2,2017-07,12.9,1
cama_mesa_banho,2017-08,56580.63,442
beleza_saude,2017-08,49030.23,338
esporte_lazer,2017-08,40624.77,375
cool_stuff,2017-08,38264.51,235
relogios_presentes,2017-08,36170.95,194
informatica_acessorios,2017-08,33826.47,290
moveis_decoracao,2017-08,33595.89,323
pcs,2017-08,32400.0,28
utilidades_domesticas,2017-08,23427.84,245
ferramentas_jardim,2017-08,22920.93,194
bebes,2017-08,19160.1,120
automotivo,2017-08,18922.61,128
brinquedos,2017-08,17675.37,168
perfumaria,2017-08,13085.1,117
telefonia,2017-08,10553.31,127
pet_shop,2017-08,10425.79,75
moveis_escritorio,2017-08,9877.36,46
consoles_games,2017-08,8054.75,79
instrumentos_musicais,2017-08,7089.55,23
malas_acessorios,2017-08,6533.1,57
fashion_bolsas_e_acessorios,2017-08,6438.89,85
papelaria,2017-08,6366.91,75
unknown,2017-08,4890.45,62
eletroportateis,2017-08,4297.01,32
climatizacao,2017-08,4271.73,12
casa_conforto,2017-08,4000.19,24
eletrodomesticos,2017-08,3921.35,42
eletrodomesticos_2,2017-08,3686.55,15
telefonia_fixa,2017-08,3343.54,14
eletronicos,2017-08,2854.15,52
moveis_sala,2017-08,2478.07,21
livros_interesse_geral,2017-08,2275.0,27
market_place,2017-08,1937.3899999999999,22
fashion_calcados,2017-08,1491.69,18
construcao_ferramentas_jardim,2017-08,1286.19,7
livros_tecnicos,2017-08,1196.38,9
construcao_ferramentas_construcao,2017-08,1180.0,6
fashion_roupa_masculina,2017-08,1175.06,12
fashion_underwear_e_moda_praia,2017-08,1111.0,13
audio,2017-08,1050.7,7
moveis_cozinha_area_de_servico_jantar_e_jardim,2017-08,1006.2,7
industria_comercio_e_negocios,2017-08,956.9,3
moveis_quarto,2017-08,618.0,3
construcao_ferramentas_iluminacao,2017-08,589.0,2
moveis_colchao_e_estofado,2017-08,509.39,2
alimentos_bebidas,2017-08,494.81,12
tablets_impressao_imagem,2017-08,450.89,6
sinalizacao_e_seguranca,2017-08,377.8,4
alimentos,2017-08,364.5,8
la_cuisine,2017-08,313.0,2
fashion_esporte,2017-08,265.8,2
artes,2017-08,244.7,4
fashion_roupa_feminina,2017-08,188.7,4
cds_dvds_musicais,2017-08,135.0,2
casa_construcao,2017-08,124.8,1
bebidas,2017-08,119.9,2
dvds_blu_ray,2017-08,113.39999999999999,6
agro_industria_e_comercio,2017-08,88.0,1
livros_importados,2017-08,61.0,1
artigos_de_natal,2017-08,58.9,1
casa_conforto_2,2017-08,38.7,2
portateis_casa_forno_e_cafe,2017-08,21.9,1
construcao_ferramentas_seguranca,2017-08,8.9,1
cama_mesa_banho,2017-09,52105.61,456
pcs,2017-09,51228.89,39
beleza_saude,2017-09,50649.16,356
esporte_lazer,2017-09,48972.11,408
relogios_presentes,2017-09,44748.96,251
cool_stuff,2017-09,37547.47,196
moveis_decoracao,2017-09,30554.920000000002,270
brinquedos,2017-09,29606.83,265
informatica_acessorios,2017-09,28040.65,211
bebes,2017-09,23232.45,161
ferramentas_jardim,2017-09,22028.43,176
utilidades_domesticas,2017-09,19941.56,217
telefonia,2017-09,18278.37,160
automotivo,2017-09,14126.77,96
perfumaria,2017-09,14051.3,135
telefonia_fixa,2017-09,13692.91,6
fashion_bolsas_e_acessorios,2017-09,11778.24,101
eletroportateis,2017-09,10030.74,29
moveis_escritorio,2017-09,9118.67,36
pet_shop,2017-09,8534.92,62
instrumentos_musicais,2017-09,8507.4,22
consoles_games,2017-09,8150.57,58
papelaria,2017-09,5851.52,69
unknown,2017-09,5774.15,61
casa_conforto,2017-09,4592.34,26
eletronicos,2017-09,4338.96,65
malas_acessorios,2017-09,3885.38,41
agro_industria_e_comercio,2017-09,1993.99,3
eletrodomesticos,2017-09,1820.19,10
climatizacao,2017-09,1629.15,7
eletrodomesticos_2,2017-09,1627.8,6
fashion_underwear_e_moda_praia,2017-09,1619.9,14
casa_construcao,2017-09,1357.81,9
moveis_sala,2017-09,1275.87,11
construcao_ferramentas_construcao,2017-09,1240.3,7
fashion_roupa_masculina,2017-09,1177.5,10
market_place,2017-09,1147.21,11
construcao_ferramentas_seguranca,2017-09,1124.54,4
fashion_calcados,2017-09,1099.7,12
audio,2017-09,1042.59,10
livros_tecnicos,2017-09,1001.35,8
alimentos,2017-09,992.92,13
livros_interesse_geral,2017-09,932.24,14
construcao_ferramentas_ferramentas,2017-09,916.89,3
moveis_quarto,2017-09,709.6,3
portateis_casa_forno_e_cafe,2017-09,640.99,1
sinalizacao_e_seguranca,2017-09,438.4,5
moveis_cozinha_area_de_servico_jantar_e_jardim,2017-09,409.6,4
artes,2017-09,388.54,3
fashion_esporte,2017-09,384.6,2
fashion_roupa_feminina,2017-09,355.7,3
alimentos_bebidas,2017-09,310.86,6
livros_importados,2017-09,290.0,3
artigos_de_festas,2017-09,269.8,1
artigos_de_natal,2017-09,254.7,3
construcao_ferramentas_jardim,2017-09,251.6,4
bebidas,2017-09,244.98,5
tablets_impressao_imagem,2017-09,233.9,3
construcao_ferramentas_iluminacao,2017-09,229.0,1
industria_comercio_e_negocios,2017-09,219.98,2
seguros_e_servicos,2017-09,100.0,1
fashion_roupa_infanto_juvenil,2017-09,89.99,1
moveis_colchao_e_estofado,2017-09,86.5,1
cine_foto,2017-09,69.0,1
dvds_blu_ray,2017-09,39.8,2
casa_conforto_2,2017-09,12.9,1
relogios_presentes,2017-10,64874.63,282
esporte_lazer,2017-10,48568.98,417
cama_mesa_banho,2017-10,46007.7,442
cool_stuff,2017-10,44348.23,242
informatica_acessorios,2017-10,42009.38,253
beleza_saude,2017-10,40698.99,322
pcs,2017-10,40393.92,26
brinquedos,2017-10,33324.42,272
moveis_decoracao,2017-10,30009.74,266
ferramentas_jardim,2017-10,25798.75,213
automotivo,2017-10,21419.39,130
telefonia,2017-10,20859.18,220
moveis_escritorio,2017-10,17890.83,69
perfumaria,2017-10,16877.82,175
bebes,2017-10,16497.5,134
unknown,2017-10,16321.27,58
utilidades_domesticas,2017-10,15883.68,188
consoles_games,2017-10,10380.72,99
pet_shop,2017-10,8243.58,64
papelaria,2017-10,7697.17,89
fashion_bolsas_e_acessorios,2017-10,7584.66,93
eletroportateis,2017-10,6464.85,30
instrumentos_musicais,2017-10,6329.26,19
malas_acessorios,2017-10,6240.34,52
casa_construcao,2017-10,4201.17,15
telefonia_fixa,2017-10,3751.88,6
casa_conforto,2017-10,3619.8,26
moveis_cozinha_area_de_servico_jantar_e_jardim,2017-10,3428.6,14
eletronicos,2017-10,3376.35,55
agro_industria_e_comercio,2017-10,3350.28,5
construcao_ferramentas_construcao,2017-10,2576.18,15
climatizacao,2017-10,2562.42,9
audio,2017-10,2328.58,31
alimentos_bebidas,2017-10,2297.23,15
industria_comercio_e_negocios,2017-10,2256.69,5
eletrodomesticos_2,2017-10,2104.27,9
fashion_calcados,2017-10,1860.92,16
eletrodomesticos,2017-10,1837.68,7
construcao_ferramentas_seguranca,2017-10,1668.85,9
moveis_sala,2017-10,1532.79,13
market_place,2017-10,1019.54,10
construcao_ferramentas_ferramentas,2017-10,1018.6,5
fashion_roupa_masculina,2017-10,971.9,8
moveis_quarto,2017-10,943.9,3
livros_tecnicos,2017-10,880.0,6
alimentos,2017-10,806.06,12
construcao_ferramentas_jardim,2017-10,746.9,8
sinalizacao_e_seguranca,2017-10,744.0,7
livros_interesse_geral,2017-10,734.5,8
bebidas,2017-10,596.98,10
construcao_ferramentas_iluminacao,2017-10,500.0,2
artigos_de_natal,2017-10,388.05,7
artes,2017-10,349.05,3
fashion_underwear_e_moda_praia,2017-10,187.8,3
dvds_blu_ray,2017-10,174.6,4
artigos_de_festas,2017-10,137.8,2
la_cuisine,2017-10,137.0,1
tablets_impressao_imagem,2017-10,99.0,1
cine_foto,2017-10,69.0,1
casa_conforto_2,2017-10,64.5,3
fashion_esporte,2017-10,59.9,1
musica,2017-10,54.9,1
cds_dvds_musicais,2017-10,45.0,1
fashion_roupa_infanto_juvenil,2017-10,39.99,1
relogios_presentes,2017-11,95292.34,424
cama_mesa_banho,2017-11,87957.63,804
beleza_saude,2017-11,78274.4,519
informatica_acessorios,2017-11,69676.32,431
esporte_lazer,2017-11,62686.24,542
brinquedos,2017-11,62611.26,443
moveis_decoracao,2017-11,62091.27,536
cool_stuff,2017-11,55696.66,286
ferramentas_jardim,2017-11,44275.18,430
automotivo,2017-11,34736.49,242
utilidades_domesticas,2017-11,33872.42,345
perfumaria,2017-11,31612.13,287
telefonia,2017-11,26117.63,343
bebes,2017-11,21048.19,184
moveis_escritorio,2017-11,17919.2,75
papelaria,2017-11,16406.19,149
instrumentos_musicais,2017-11,15776.89,41
agro_industria_e_comercio,2017-11,13932.49,13
unknown,2017-11,13786.55,111
fashion_bolsas_e_acessorios,2017-11,12849.33,178
consoles_games,2017-11,11772.28,123
pet_shop,2017-11,11167.79,82
eletronicos,2017-11,9992.99,163
pcs,2017-11,9768.0,7
malas_acessorios,2017-11,8301.15,63
construcao_ferramentas_construcao,2017-11,6993.56,36
eletroportateis,2017-11,6782.92,27
moveis_sala,2017-11,6212.95,29
casa_conforto,2017-11,5355.39,40
moveis_cozinha_area_de_servico_jantar_e_jardim,2017-11,5007.39,28
casa_construcao,2017-11,4936.72,33
eletrodomesticos_2,2017-11,4854.93,13
eletrodomesticos,2017-11,4515.94,25
climatizacao,2017-11,4076.62,16
audio,2017-11,3677.23,33
construcao_ferramentas_seguranca,2017-11,3280.69,12
livros_interesse_geral,2017-11,2630.9700000000003,37
alimentos_bebidas,2017-11,2445.57,28
construcao_ferramentas_iluminacao,2017-11,2199.48,9
industria_comercio_e_negocios,2017-11,1994.8700000000001,6
fashion_calcados,2017-11,1707.8,17
market_place,2017-11,1355.98,11
artigos_de_natal,2017-11,1312.6,18
fashion_underwear_e_moda_praia,2017-11,1221.6,10
construcao_ferramentas_jardim,2017-11,1218.5,14
telefonia_fixa,2017-11,943.98,5
fashion_roupa_masculina,2017-11,880.99,10
moveis_quarto,2017-11,873.0,3
artigos_de_festas,2017-11,850.7,3
livros_tecnicos,2017-11,768.9,5
bebidas,2017-11,674.12,14
sinalizacao_e_seguranca,2017-11,596.79,3
alimentos,2017-11,498.09,10
tablets_impressao_imagem,2017-11,350.40000000000003,6
moveis_colchao_e_estofado,2017-11,334.0,2
construcao_ferramentas_ferramentas,2017-11,269.5,4
livros_importados,2017-11,247.0,2
cine_foto,2017-11,242.0,1
cds_dvds_musicais,2017-11,195.0,3
flores,2017-11,187.8,6
la_cuisine,2017-11,137.0,1
dvds_blu_ray,2017-11,79.78999999999999,3
artes,2017-11,75.0,1
fashion_roupa_feminina,2017-11,59.98,2
fashion_esporte,2017-11,59.9,1
casa_conforto_2,2017-11,38.7,3
relogios_presentes,2017-12,69556.92,333
beleza_saude,2017-12,60688.75,426
esporte_lazer,2017-12,58722.48,431
brinquedos,2017-12,55064.56,413
cama_mesa_banho,2017-12,50081.16,476
automotivo,2017-12,39019.96,238
cool_stuff,2017-12,37515.57,231
informatica_acessorios,2017-12,37428.67,249
moveis_decoracao,2017-12,31073.09,304
ferramentas_jardim,2017-12,26795.69,243
perfumaria,2017-12,26448.94,225
utilidades_domesticas,2017-12,25285.96,243
papelaria,2017-12,24793.1,229
bebes,2017-12,19658.48,135
pcs,2017-12,16741.0,19
unknown,2017-12,15497.67,132
telefonia,2017-12,12780.44,237
instrumentos_musicais,2017-12,10823.5,41
fashion_bolsas_e_acessorios,2017-12,9999.76,123
consoles_games,2017-12,8885.01,87
eletronicos,2017-12,8518.61,189
eletroportateis,2017-12,7539.7699999999995,26
pet_shop,2017-12,7126.74,69
moveis_escritorio,2017-12,6684.37,38
casa_construcao,2017-12,6525.3,29
malas_acessorios,2017-12,5969.21,44
construcao_ferramentas_construcao,2017-12,5830.35,22
agro_industria_e_comercio,2017-12,5291.7,9
moveis_cozinha_area_de_servico_jantar_e_jardim,2017-12,4277.3,16
audio,2017-12,2686.93,17
livros_interesse_geral,2017-12,2352.2,37
moveis_sala,2017-12,2316.0099999999998,16
casa_conforto,2017-12,2257.8,14
bebidas,2017-12,2132.84,31
eletrodomesticos_2,2017-12,1990.16,8
industria_comercio_e_negocios,2017-12,1828.5,9
construcao_ferramentas_seguranca,2017-12,1384.92,7
eletrodomesticos,2017-12,1331.0,16
fashion_underwear_e_moda_praia,2017-12,1173.1,13
fashion_calcados,2017-12,1099.0,12
alimentos_bebidas,2017-12,1033.68,18
telefonia_fixa,2017-12,998.77,5
alimentos,2017-12,939.34,11
construcao_ferramentas_jardim,2017-12,928.9,6
moveis_colchao_e_estofado,2017-12,803.7,8
sinalizacao_e_seguranca,2017-12,770.0,2
market_place,2017-12,703.25,13
livros_tecnicos,2017-12,670.69,4
climatizacao,2017-12,668.8,3
artigos_de_festas,2017-12,515.2,2
artigos_de_natal,2017-12,493.90000000000003,14
fashion_roupa_masculina,2017-12,450.89,4
tablets_impressao_imagem,2017-12,419.40000000000003,6
construcao_ferramentas_ferramentas,2017-12,349.4,6
livros_importados,2017-12,231.0,3
moveis_quarto,2017-12,185.0,1
construcao_ferramentas_iluminacao,2017-12,176.0,2
dvds_blu_ray,2017-12,119.9,1
artes,2017-12,115.25,3
flores,2017-12,82.7,2
fraldas_higiene,2017-12,76.0,1
cds_dvds_musicais,2017-12,65.0,1
fashion_esporte,2017-12,59.9,1
esporte_lazer,2018-01,86172.83,575
informatica_acessorios,2018-01,80503.87,574
cama_mesa_banho,2018-01,75408.13,689
relogios_presentes,2018-01,73521.24,322
beleza_saude,2018-01,71405.6,563
moveis_decoracao,2018-01,53798.81,467
papelaria,2018-01,39522.72,368
cool_stuff,2018-01,38942.41,285
utilidades_domesticas,2018-01,37446.74,317
automotivo,2018-01,35855.02,243
bebes,2018-01,29833.88,209
ferramentas_jardim,2018-01,26793.06,202
brinquedos,2018-01,21382.85,154
unknown,2018-01,20993.63,171
perfumaria,2018-01,19555.37,207
moveis_escritorio,2018-01,19485.42,104
malas_acessorios,2018-01,18546.32,121
eletronicos,2018-01,15884.28,319
instrumentos_musicais,2018-01,15178.58,49
telefonia,2018-01,14700.08,343
eletroportateis,2018-01,14261.81,50
pet_shop,2018-01,10796.06,76
construcao_ferramentas_construcao,2018-01,9664.18,40
eletrodomesticos_2,2018-01,8630.1,12
fashion_bolsas_e_acessorios,2018-01,7931.72,116
consoles_games,2018-01,7313.28,50
pcs,2018-01,6851.0,11
agro_industria_e_comercio,2018-01,5853.4400000000005,15
casa_construcao,2018-01,5747.78,27
moveis_cozinha_area_de_servico_jantar_e_jardim,2018-01,4838.5,20
climatizacao,2018-01,4674.74,22
construcao_ferramentas_jardim,2018-01,3927.98,21
audio,2018-01,3820.28,25
casa_conforto,2018-01,3020.16,18
industria_comercio_e_negocios,2018-01,2681.1,15
artes,2018-01,2540.77,19
telefonia_fixa,2018-01,2444.1,10
construcao_ferramentas_iluminacao,2018-01,2392.99,6
moveis_sala,2018-01,2308.1,22
construcao_ferramentas_seguranca,2018-01,2228.89,9
bebidas,2018-01,2227.61,39
livros_interesse_geral,2018-01,2160.2,40
eletrodomesticos,2018-01,1725.15,26
livros_tecnicos,2018-01,1176.55,16
sinalizacao_e_seguranca,2018-01,1048.79,7
moveis_quarto,2018-01,914.8,5
moveis_colchao_e_estofado,2018-01,860.5,9
artigos_de_natal,2018-01,851.5,9
alimentos,2018-01,829.56,18
market_place,2018-01,818.72,12
fashion_underwear_e_moda_praia,2018-01,754.5,8
fashion_calcados,2018-01,666.7,7
livros_importados,2018-01,583.0,6
fashion_roupa_masculina,2018-01,550.6,5
construcao_ferramentas_ferramentas,2018-01,532.3,8
portateis_casa_forno_e_cafe,2018-01,369.99,1
alimentos_bebidas,2018-01,341.17,10
flores,2018-01,284.6,7
cine_foto,2018-01,199.98,2
tablets_impressao_imagem,2018-01,161.8,3
fashion_roupa_feminina,2018-01,161.79000000000002,3
artigos_de_festas,2018-01,135.8,2
fraldas_higiene,2018-01,125.0,1
fashion_esporte,2018-01,119.8,2
la_cuisine,2018-01,112.0,1
dvds_blu_ray,2018-01,49.8,2
musica,2018-01,24.97,1
informatica_acessorios,2018-02,100131.99,791
beleza_saude,2018-02,84576.55,595
esporte_lazer,2018-02,74540.95,571
relogios_presentes,2018-02,60725.31,304
cama_mesa_banho,2018-02,60366.29,588
automotivo,2018-02,41048.51,299
moveis_decoracao,2018-02,38002.36,336
utilidades_domesticas,2018-02,34877.47,334
cool_stuff,2018-02,29772.25,176
ferramentas_jardim,2018-02,26489.13,229
bebes,2018-02,25857.28,165
perfumaria,2018-02,20372.0,194
moveis_escritorio,2018-02,17287.89,70
eletronicos,2018-02,14764.7,300
brinquedos,2018-02,14203.35,130
telefonia,2018-02,13672.38,328
unknown,2018-02,12691.97,107
consoles_games,2018-02,11763.83,50
papelaria,2018-02,10090.53,131
fashion_bolsas_e_acessorios,2018-02,9786.63,102
pet_shop,2018-02,9218.24,86
instrumentos_musicais,2018-02,9015.73,39
eletrodomesticos_2,2018-02,8998.83,21
construcao_ferramentas_construcao,2018-02,8991.07,53
agro_industria_e_comercio,2018-02,7385.3,20
malas_acessorios,2018-02,6423.55,43
construcao_ferramentas_seguranca,2018-02,5965.75,7
eletrodomesticos,2018-02,5542.45,47
eletroportateis,2018-02,5245.16,30
casa_construcao,2018-02,5225.9,31
telefonia_fixa,2018-02,4738.68,9
industria_comercio_e_negocios,2018-02,4735.59,29
moveis_cozinha_area_de_servico_jantar_e_jardim,2018-02,4621.16,16
moveis_sala,2018-02,4402.78,19
portateis_casa_forno_e_cafe,2018-02,3024.9,5
casa_conforto,2018-02,3012.76,20
audio,2018-02,2828.49,15
climatizacao,2018-02,2626.89,11
artigos_de_natal,2018-02,2059.65,17
market_place,2018-02,1920.92,20
bebidas,2018-02,1919.95,26
livros_interesse_geral,2018-02,1886.65,28
alimentos,2018-02,1783.52,30
construcao_ferramentas_iluminacao,2018-02,1610.8,9
construcao_ferramentas_jardim,2018-02,1538.25,14
livros_tecnicos,2018-02,1411.21,23
construcao_ferramentas_ferramentas,2018-02,1318.2,11
artes,2018-02,1216.71,11
fashion_calcados,2018-02,1033.7,10
alimentos_bebidas,2018-02,1018.3,20
moveis_quarto,2018-02,895.8,6
sinalizacao_e_seguranca,2018-02,715.79,10
tablets_impressao_imagem,2018-02,694.97,12
fashion_underwear_e_moda_praia,2018-02,399.3,7
fashion_roupa_masculina,2018-02,388.09,3
moveis_colchao_e_estofado,2018-02,344.7,5
livros_importados,2018-02,325.0,3
musica,2018-02,244.97,2
cine_foto,2018-02,227.99,2
flores,2018-02,134.48000000000002,4
pc_gamer,2018-02,129.99,1
fraldas_higiene,2018-02,100.0,1
casa_conforto_2,2018-02,38.7,2
fashion_roupa_feminina,2018-02,29.99,1
dvds_blu_ray,2018-02,24.9,1
relogios_presentes,2018-03,95661.18000000001,407
informatica_acessorios,2018-03,84708.39,630
beleza_saude,2018-03,84488.56999999999,605
esporte_lazer,2018-03,81656.96,645
cama_mesa_banho,2018-03,67786.35,652
moveis_decoracao,2018-03,51319.97,430
automotivo,2018-03,44081.96,317
bebes,2018-03,40818.75,208
cool_stuff,2018-03,37791.24,239
utilidades_domesticas,2018-03,35052.12,322
moveis_escritorio,2018-03,30861.64,149
ferramentas_jardim,2018-03,26773.88,199
telefonia,2018-03,24759.43,320
brinquedos,2018-03,22817.55,215
perfumaria,2018-03,20081.88,182
unknown,2018-03,16625.22,125
eletroportateis,2018-03,13952.18,34
pet_shop,2018-03,13400.210000000001,108
papelaria,2018-03,12993.74,145
eletronicos,2018-03,12394.51,237
consoles_games,2018-03,11826.22,53
audio,2018-03,10606.69,33
fashion_bolsas_e_acessorios,2018-03,10096.51,129
eletrodomesticos,2018-03,9876.59,70
construcao_ferramentas_construcao,2018-03,9446.58,48
instrumentos_musicais,2018-03,8931.4,49
portateis_casa_forno_e_cafe,2018-03,7890.9,7
malas_acessorios,2018-03,5851.77,51
eletrodomesticos_2,2018-03,5648.2,12
construcao_ferramentas_seguranca,2018-03,5374.87,13
casa_construcao,2018-03,5250.51,33
agro_industria_e_comercio,2018-03,5161.0,24
moveis_sala,2018-03,3521.87,19
industria_comercio_e_negocios,2018-03,2922.45,26
moveis_cozinha_area_de_servico_jantar_e_jardim,2018-03,2842.66,12
construcao_ferramentas_iluminacao,2018-03,2536.7,12
casa_conforto,2018-03,2522.38,21
climatizacao,2018-03,2507.68,23
alimentos_bebidas,2018-03,2350.77,17
construcao_ferramentas_jardim,2018-03,2087.23,19
telefonia_fixa,2018-03,1930.59,12
livros_interesse_geral,2018-03,1691.94,33
alimentos,2018-03,1559.8999999999999,33
market_place,2018-03,1548.74,16
moveis_quarto,2018-03,1071.8,6
fashion_calcados,2018-03,1053.1,11
bebidas,2018-03,962.7,20
construcao_ferramentas_ferramentas,2018-03,931.3,8
sinalizacao_e_seguranca,2018-03,921.9,7
artigos_de_festas,2018-03,913.9,5
livros_tecnicos,2018-03,913.47,17
artigos_de_natal,2018-03,854.95,12
cine_foto,2018-03,711.79,6
artes,2018-03,461.5,7
moveis_colchao_e_estofado,2018-03,440.0,4
la_cuisine,2018-03,389.0,1
musica,2018-03,323.97,2
fashion_underwear_e_moda_praia,2018-03,289.4,5
tablets_impressao_imagem,2018-03,259.29,2
livros_importados,2018-03,259.0,2
fraldas_higiene,2018-03,125.0,1
fashion_roupa_feminina,2018-03,119.96,1
fashion_esporte,2018-03,89.9,1
flores,2018-03,89.67,3
fashion_roupa_infanto_juvenil,2018-03,79.98,2
dvds_blu_ray,2018-03,49.8,2
casa_conforto_2,2018-03,34.99,1
beleza_saude,2018-04,91058.45,619
relogios_presentes,2018-04,88623.07,462
cama_mesa_banho,2018-04,71379.61,600
esporte_lazer,2018-04,65793.52,520
informatica_acessorios,2018-04,57370.9,465
moveis_decoracao,2018-04,56217.62,458
automotivo,2018-04,47989.41,328
bebes,2018-04,47201.22,215
utilidades_domesticas,2018-04,44363.29,411
cool_stuff,2018-04,35025.41,194
ferramentas_jardim,2018-04,34526.04,232
brinquedos,2018-04,23140.41,193
eletrodomesticos_2,2018-04,20741.69,23
moveis_escritorio,2018-04,19997.8,86
instrumentos_musicais,2018-04,19375.31,57
pet_shop,2018-04,18282.97,150
perfumaria,2018-04,17430.41,159
telefonia,2018-04,16312.06,245
eletrodomesticos,2018-04,15019.63,104
pcs,2018-04,13774.92,13
portateis_casa_forno_e_cafe,2018-04,13211.99,13
construcao_ferramentas_construcao,2018-04,12933.83,76
eletroportateis,2018-04,12071.76,60
papelaria,2018-04,11263.45,128
eletronicos,2018-04,10840.23,201
casa_construcao,2018-04,9204.65,58
malas_acessorios,2018-04,8680.48,53
fashion_bolsas_e_acessorios,2018-04,8218.85,92
unknown,2018-04,7987.9,72
audio,2018-04,7045.07,30
livros_interesse_geral,2018-04,6274.51,42
industria_comercio_e_negocios,2018-04,5690.61,48
consoles_games,2018-04,5511.05,37
moveis_sala,2018-04,5041.83,24
bebidas,2018-04,5016.4400000000005,29
construcao_ferramentas_iluminacao,2018-04,4962.67,37
agro_industria_e_comercio,2018-04,4500.7,12
climatizacao,2018-04,3261.79,22
moveis_cozinha_area_de_servico_jantar_e_jardim,2018-04,3110.57,18
construcao_ferramentas_seguranca,2018-04,2887.26,23
sinalizacao_e_seguranca,2018-04,2222.3,22
artes,2018-04,2140.2799999999997,26
casa_conforto,2018-04,1939.4,15
telefonia_fixa,2018-04,1921.94,10
musica,2018-04,1696.8600000000001,5
alimentos,2018-04,1665.43,36
fashion_calcados,2018-04,1438.7,11
construcao_ferramentas_ferramentas,2018-04,1332.99,16
construcao_ferramentas_jardim,2018-04,1326.79,12
moveis_quarto,2018-04,1301.9,6
livros_tecnicos,2018-04,1172.1,23
market_place,2018-04,627.23,15
alimentos_bebidas,2018-04,605.0699999999999,16
cine_foto,2018-04,521.74,5
fashion_underwear_e_moda_praia,2018-04,359.4,6
livros_importados,2018-04,317.99,4
la_cuisine,2018-04,280.0,1
artigos_de_natal,2018-04,275.15000000000003,9
fashion_roupa_masculina,2018-04,195.0,1
fashion_roupa_feminina,2018-04,174.95000000000002,1
flores,2018-04,158.4,3
fraldas_higiene,2018-04,149.0,4
dvds_blu_ray,2018-04,92.5,4
fashion_esporte,2018-04,89.9,1
cds_dvds_musicais,2018-04,65.0,1
tablets_impressao_imagem,2018-04,52.0,1
artigos_de_festas,2018-04,43.8,1
artes_e_artesanato,2018-04,15.99,1
casa_conforto_2,2018-04,12.9,1
relogios_presentes,2018-05,119364.98,585
beleza_saude,2018-05,94534.38,669
cama_mesa_banho,2018-05,71265.07,600
utilidades_domesticas,2018-05,62824.57,492
esporte_lazer,2018-05,59209.92,449
moveis_decoracao,2018-05,53706.450000000004,456
informatica_acessorios,2018-05,50631.83,399
automotivo,2018-05,40851.44,295
ferramentas_jardim,2018-05,37700.79,227
bebes,2018-05,33253.65,218
brinquedos,2018-05,31538.41,211
cool_stuff,2018-05,29949.12,168
perfumaria,2018-05,24482.7,179
moveis_escritorio,2018-05,20835.87,82
construcao_ferramentas_construcao,2018-05,20748.6,89
telefonia,2018-05,18944.28,237
instrumentos_musicais,2018-05,18757.07,59
eletronicos,2018-05,16176.789999999999,219
eletrodomesticos_2,2018-05,14441.24,23
papelaria,2018-05,12923.39,124
pet_shop,2018-05,11708.460000000001,127
fashion_bolsas_e_acessorios,2018-05,11490.17,104
eletroportateis,2018-05,10620.99,39
portateis_casa_forno_e_cafe,2018-05,10161.6,9
casa_construcao,2018-05,10155.28,63
pcs,2018-05,8699.92,6
malas_acessorios,2018-05,6618.46,44
eletrodomesticos,2018-05,6149.67,63
construcao_ferramentas_seguranca,2018-05,6045.009999999999,21
livros_interesse_geral,2018-05,5925.13,48
consoles_games,2018-05,5279.27,38
construcao_ferramentas_iluminacao,2018-05,4354.81,30
industria_comercio_e_negocios,2018-05,3780.99,34
agro_industria_e_comercio,2018-05,3279.75,8
unknown,2018-05,3097.04,37
livros_tecnicos,2018-05,3040.53,54
moveis_sala,2018-05,2721.08,13
casa_conforto,2018-05,2708.7000000000003,18
audio,2018-05,2697.68,20
bebidas,2018-05,2505.9900000000002,33
artes,2018-05,2491.97,33
moveis_cozinha_area_de_servico_jantar_e_jardim,2018-05,2310.09,10
cine_foto,2018-05,2108.29,16
portateis_cozinha_e_preparadores_de_alimentos,2018-05,1958.0,2
climatizacao,2018-05,1851.3,13
telefonia_fixa,2018-05,1846.2,11
fashion_calcados,2018-05,1582.7,10
alimentos,2018-05,1542.93,36
moveis_quarto,2018-05,1484.98,5
alimentos_bebidas,2018-05,1239.44,15
construcao_ferramentas_jardim,2018-05,1073.28,13
market_place,2018-05,957.45,13
musica,2018-05,729.0,5
sinalizacao_e_seguranca,2018-05,683.5,6
artigos_de_natal,2018-05,524.53,6
dvds_blu_ray,2018-05,439.94,6
construcao_ferramentas_ferramentas,2018-05,417.9,5
livros_importados,2018-05,410.92,9
fashion_underwear_e_moda_praia,2018-05,207.4,5
fashion_roupa_masculina,2018-05,129.99,1
fraldas_higiene,2018-05,117.0,3
artigos_de_festas,2018-05,100.69999999999999,3
artes_e_artesanato,2018-05,89.8,1
tablets_impressao_imagem,2018-05,49.9,1
flores,2018-05,16.4,1
beleza_saude,2018-06,106745.72,790
relogios_presentes,2018-06,85027.57,444
cama_mesa_banho,2018-06,70857.08,649
utilidades_domesticas,2018-06,55912.61,464
automotivo,2018-06,44962.59,268
esporte_lazer,2018-06,44916.01,371
moveis_decoracao,2018-06,42042.22,316
informatica_acessorios,2018-06,41806.37,352
bebes,2018-06,30550.32,205
perfumaria,2018-06,26963.93,166
construcao_ferramentas_construcao,2018-06,22947.72,108
telefonia,2018-06,22669.86,202
brinquedos,2018-06,21094.95,176
pet_shop,2018-06,19491.78,151
cool_stuff,2018-06,19316.37,100
ferramentas_jardim,2018-06,17948.72,148
instrumentos_musicais,2018-06,16177.92,46
eletroportateis,2018-06,15431.63,43
pcs,2018-06,13127.0,8
papelaria,2018-06,12859.08,145
moveis_escritorio,2018-06,12125.58,59
eletronicos,2018-06,9664.57,174
casa_construcao,2018-06,9094.59,60
eletrodomesticos_2,2018-06,8312.72,18
fashion_bolsas_e_acessorios,2018-06,7869.95,82
consoles_games,2018-06,6903.01,41
sinalizacao_e_seguranca,2018-06,5863.18,18
eletrodomesticos,2018-06,5830.38,65
malas_acessorios,2018-06,5070.88,36
construcao_ferramentas_iluminacao,2018-06,4583.41,35
climatizacao,2018-06,3567.9,9
moveis_sala,2018-06,3541.62,27
moveis_cozinha_area_de_servico_jantar_e_jardim,2018-06,3538.43,21
agro_industria_e_comercio,2018-06,3515.8,10
portateis_casa_forno_e_cafe,2018-06,3499.0,3
livros_interesse_geral,2018-06,3275.49,32
industria_comercio_e_negocios,2018-06,2609.9,21
construcao_ferramentas_seguranca,2018-06,2565.37,16
artes,2018-06,2500.14,28
unknown,2018-06,2387.13,22
casa_conforto,2018-06,2386.4900000000002,16
telefonia_fixa,2018-06,2080.32,15
audio,2018-06,1830.69,19
livros_tecnicos,2018-06,1747.4299999999998,26
bebidas,2018-06,1567.07,30
moveis_quarto,2018-06,1559.99,8
alimentos,2018-06,1371.18,24
fashion_calcados,2018-06,1230.58,10
construcao_ferramentas_jardim,2018-06,799.44,11
market_place,2018-06,556.46,7
construcao_ferramentas_ferramentas,2018-06,527.0,4
livros_importados,2018-06,468.17,9
fashion_roupa_masculina,2018-06,447.8,6
cine_foto,2018-06,435.85,9
dvds_blu_ray,2018-06,382.88,5
fraldas_higiene,2018-06,321.0,7
artigos_de_natal,2018-06,306.19,6
alimentos_bebidas,2018-06,293.85,9
fashion_underwear_e_moda_praia,2018-06,129.29999999999998,3
musica,2018-06,109.08,3
flores,2018-06,108.0,1
fashion_roupa_infanto_juvenil,2018-06,89.99,1
artigos_de_festas,2018-06,84.80000000000001,2
tablets_impressao_imagem,2018-06,50.0,1
casa_conforto_2,2018-06,25.8,1
beleza_saude,2018-07,103524.22,699
relogios_presentes,2018-07,95164.79,507
utilidades_domesticas,2018-07,62583.3,462
cama_mesa_banho,2018-07,54405.23,511
esporte_lazer,2018-07,54015.89,410
moveis_decoracao,2018-07,45393.590000000004,343
automotivo,2018-07,43466.79,324
informatica_acessorios,2018-07,41063.31,381
telefonia,2018-07,26492.68,202
ferramentas_jardim,2018-07,25639.88,152
bebes,2018-07,21834.12,206
cool_stuff,2018-07,21152.01,113
perfumaria,2018-07,20645.97,168
pet_shop,2018-07,19343.85,138
papelaria,2018-07,17217.19,168
brinquedos,2018-07,17022.0,148
construcao_ferramentas_construcao,2018-07,15237.47,98
moveis_escritorio,2018-07,13225.28,62
eletrodomesticos_2,2018-07,12597.32,22
pcs,2018-07,11239.0,8
telefonia_fixa,2018-07,9319.39,8
eletronicos,2018-07,9270.95,142
consoles_games,2018-07,8519.11,49
eletroportateis,2018-07,8161.35,35
instrumentos_musicais,2018-07,7871.93,32
construcao_ferramentas_iluminacao,2018-07,7249.61,40
moveis_sala,2018-07,6706.639999999999,49
casa_construcao,2018-07,6700.25,57
agro_industria_e_comercio,2018-07,6669.82,26
fashion_bolsas_e_acessorios,2018-07,6071.07,74
malas_acessorios,2018-07,5821.72,53
construcao_ferramentas_ferramentas,2018-07,5501.2,10
eletrodomesticos,2018-07,5173.03,78
portateis_casa_forno_e_cafe,2018-07,4699.67,14
industria_comercio_e_negocios,2018-07,4697.21,13
unknown,2018-07,4612.0,42
livros_interesse_geral,2018-07,4077.45,25
sinalizacao_e_seguranca,2018-07,3785.19,19
moveis_cozinha_area_de_servico_jantar_e_jardim,2018-07,3736.95,20
alimentos,2018-07,3378.17,59
casa_conforto,2018-07,2906.48,23
climatizacao,2018-07,2657.86,15
audio,2018-07,2062.64,21
livros_tecnicos,2018-07,1994.93,26
construcao_ferramentas_jardim,2018-07,1922.66,19
construcao_ferramentas_seguranca,2018-07,1888.95,15
artes,2018-07,1843.1999999999998,21
moveis_quarto,2018-07,1386.9,7
bebidas,2018-07,1260.17,16
cine_foto,2018-07,1178.54,7
musica,2018-07,849.3,3
fashion_calcados,2018-07,820.19,5
alimentos_bebidas,2018-07,778.73,14
artes_e_artesanato,2018-07,654.57,10
artigos_de_natal,2018-07,509.56,8
pc_gamer,2018-07,438.0,1
livros_importados,2018-07,357.78999999999996,5
fashion_roupa_masculina,2018-07,208.7,5
market_place,2018-07,186.78,4
portateis_cozinha_e_preparadores_de_alimentos,2018-07,172.03,7
moveis_colchao_e_estofado,2018-07,129.9,1
fraldas_higiene,2018-07,121.0,3
fashion_underwear_e_moda_praia,2018-07,109.8,2
dvds_blu_ray,2018-07,83.99,1
artigos_de_festas,2018-07,57.5,2
flores,2018-07,47.989999999999995,2
casa_conforto_2,2018-07,38.7,2
beleza_saude,2018-08,119391.01,765
relogios_presentes,2018-08,69767.06,387
cama_mesa_banho,2018-08,60891.090000000004,555
utilidades_domesticas,2018-08,58763.36,549
esporte_lazer,2018-08,50860.18,432
automotivo,2018-08,45032.58,345
moveis_decoracao,2018-08,41168.55,341
informatica_acessorios,2018-08,40052.64,380
telefonia,2018-08,36572.91,240
perfumaria,2018-08,24839.74,203
pet_shop,2018-08,24608.07,166
construcao_ferramentas_construcao,2018-08,22917.16,124
bebes,2018-08,21266.57,201
brinquedos,2018-08,16923.75,151
ferramentas_jardim,2018-08,16314.7,120
cool_stuff,2018-08,15794.89,116
papelaria,2018-08,15445.65,158
eletronicos,2018-08,10739.57,114
instrumentos_musicais,2018-08,10519.34,39
pcs,2018-08,8711.5,10
construcao_ferramentas_iluminacao,2018-08,8212.53,56
alimentos,2018-08,8174.18,102
fashion_bolsas_e_acessorios,2018-08,8127.53,121
eletrodomesticos_2,2018-08,7532.76,14
moveis_escritorio,2018-08,6758.87,24
malas_acessorios,2018-08,6599.75,62
eletrodomesticos,2018-08,6443.85,62
casa_construcao,2018-08,6286.16,44
eletroportateis,2018-08,6168.06,23
moveis_sala,2018-08,5223.34,38
agro_industria_e_comercio,2018-08,5021.09,14
consoles_games,2018-08,4381.31,53
construcao_ferramentas_seguranca,2018-08,3970.2200000000003,21
construcao_ferramentas_jardim,2018-08,3688.76,19
climatizacao,2018-08,3556.9,17
portateis_casa_forno_e_cafe,2018-08,2996.72,17
telefonia_fixa,2018-08,2724.17,10
industria_comercio_e_negocios,2018-08,2364.69,9
casa_conforto,2018-08,2241.28,15
unknown,2018-08,2199.05,29
moveis_quarto,2018-08,2197.0,10
audio,2018-08,2069.4,24
moveis_cozinha_area_de_servico_jantar_e_jardim,2018-08,2011.47,19
sinalizacao_e_seguranca,2018-08,1825.59,16
portateis_cozinha_e_preparadores_de_alimentos,2018-08,1803.6,4
livros_interesse_geral,2018-08,1564.78,34
livros_tecnicos,2018-08,1483.79,28
artes,2018-08,1481.3899999999999,18
bebidas,2018-08,1423.26,24
artigos_de_festas,2018-08,1285.29,14
construcao_ferramentas_ferramentas,2018-08,1255.77,14
alimentos_bebidas,2018-08,1028.61,16
market_place,2018-08,949.27,8
artes_e_artesanato,2018-08,901.76,9
livros_importados,2018-08,749.0,1
cine_foto,2018-08,595.2900000000001,8
artigos_de_natal,2018-08,529.37,10
musica,2018-08,497.81,6
fashion_calcados,2018-08,471.29999999999995,3
fashion_roupa_masculina,2018-08,381.69,3
fraldas_higiene,2018-08,231.89,3
pc_gamer,2018-08,219.0,1
fashion_underwear_e_moda_praia,2018-08,160.0,1
fashion_roupa_feminina,2018-08,129.97,2
fashion_esporte,2018-08,69.9,1
dvds_blu_ray,2018-08,8.9,1
