customer_state,num_orders,total_revenue,avg_delivery_days
SP,40494,5066562.98,8.723844844303574
RJ,12350,1759651.1300000001,15.147895597152711
MG,11354,1552481.83,11.982503629221824
RS,5344,728718.47,15.188565554593707
PR,4923,666063.51,11.947217257805436
SC,3546,507012.13,14.997643202680672
BA,3256,493584.14,19.247617962532086
DF,2080,296498.41,12.958993124358175
GO,1957,282836.7,15.403337684407836
ES,1995,268643.45,15.649065751141418
PE,1593,251889.49,18.279266981930736
CE,1279,219757.38,20.987464514826485
PA,946,174470.59,23.7540533747175
MT,886,152191.62,17.961681812294383
MA,717,117009.38,21.648666666666394
MS,701,115429.97,15.534071690763511
PB,517,112586.82,20.5891482982651
PI,476,84721.0,19.384709807200068
RN,474,82105.66,19.32527508972849
AL,397,78855.72,24.489141810879513
SE,335,56574.19,21.46735320987304
TO,274,48402.51,17.448385304666214
RO,243,45682.76,19.739365884882396
AM,145,22155.84,26.39096718078959
AC,80,15930.97,20.71554995926895
AP,67,13374.81,28.205959790846173
RR,41,7057.47,28.23101147340165
